Designator,Qty,Value / Part,Description,Footprint / Package,LCSC Part #,Source,Cost (AUD)
"C1, C2",2,4.7u,,0603,,JLCPCB,
"C10, C15, C16, C9",4,100n,,0603,,JLCPCB,
"C11, C12",2,47u - polarized,,CP_Elec_6.3x7.7,,JLCPCB,
C13,1,100nf,,0603,,JLCPCB,
"C14, C6, C7, C8",4,10u,,0805,,JLCPCB,
"C17, C18",2,1u,,0603,,JLCPCB,
C3,1,"10u, ceramic",,0805,,JLCPCB,
"C4, C5",2,22u,,0805,,JLCPCB,
"D1, D4, D5, D6",4,LED,,0805,,JLCPCB,
"D2, D3",2,BAV99,,SOT-23,,JLCPCB,
FB1,1,FerriteBead,,0805,,JLCPCB,
J1,1,Battery,,JST_PH_B2B-PH-K_1x02_P2.00mm_Vertical,,JLCPCB,
J2,1,XLR3,,Jack_XLR_Neutrik_NC3FD-H_Horizontal,,JLCPCB,
J3,1,USB_C_Receptacle_PowerOnly_6P,,USB_C_Receptacle_HRO_TYPE-C-31-M-17,,JLCPCB,
"J4, J5",2,AudioJack3,,Jack_3.5mm_PJ320A_Horizontal,C12569,JLCPCB,
L1,1,1uH,,L_Taiyo-Yuden_NR-40xx,,JLCPCB,
"R1, R2",2,5.1k,,0603,,JLCPCB,
"R10, R12, R13, R7, R8, R9",6,10k,,0603,,JLCPCB,
"R11, R14, R6",3,100k,,0603,,JLCPCB,
"R15, R4",2,1k,,0603,,JLCPCB,
R16,1,4.7k,,0603,,JLCPCB,
R3,1,2k,,0603,,JLCPCB,
R5,1,732k,,0603,,JLCPCB,
RV1,1,10k pot,,Potentiometer_Bourns_PTV09A_Single_Vertical,,JLCPCB,
SW2,1,SW_SPDT,,SW_SPDT_PCM12,,JLCPCB,
"TP1, TP2, TP3, TP4, TP5, TP6",6,TestPoint,,TestPoint_Pad_D1.5mm,,JLCPCB,
U1,1,MCP73831-2-MC,,DFN-8-1EP_3x2mm_P0.5mm_EP1.7x1.4mm,,JLCPCB,
U2,1,TPS61023DRLR,,SOT-563_L1.6-W1.2-P0.50-LS1.6-BR,C919459,JLCPCB,
U3,1,OPA1678,,SOIC-8_3.9x4.9mm_P1.27mm,,JLCPCB,
U4,1,TPA6132A2RTE,,WQFN-16-1EP_3x3mm_P0.5mm_EP1.6x1.6mm_ThermalVias,,JLCPCB,
,1,Silk PLA,Case,,,Jaycar,$19
,1,IEM,In ear monitors for testing,,,https://www.amazon.com.au/KS1-Headphones-Resolution-Detachable-Black-Nomic/dp/B08TWQ3TR7/ref=asc_df_B08TWQ3TR7?mcid=8db9da17b6693b3c937e81de979b77d3&tag=googleshopdsk-22&linkCode=df0&hvadid=712356712691&hvpos=&hvnetw=g&hvrand=7934473677925441378&hvpone=&hvptwo=&hvqmt=&hvdev=c&hvdvcmdl=&hvlocint=&hvlocphy=9071272&hvtargid=pla-1383778780687&hvocijid=7934473677925441378-B08TWQ3TR7-&hvexpln=0&gad_source=1&th=1,$25
,1,Polymer Lithium Ion Battery (LiPo) 3.7V 1100mAh,Battery,,,https://core-electronics.com.au/polymer-lithium-ion-battery-1000mah-38458.html,$9
,,,,,,Non-PCB subtotal,$53
